Name,Type
Bulbasaur,"GRASS
POISON"
Ivysaur,"GRASS
POISON"
Venusaur,"GRASS
POISON"
"Venusaur
Mega Venusaur","GRASS
POISON"
Charmander,FIRE
Charmeleon,FIRE
Charizard,"FIRE
FLYING"
"Charizard
Mega Charizard X","FIRE
DRAGON"
"Charizard
Mega Charizard Y","FIRE
FLYING"
Squirtle,WATER
Wartortle,WATER
Blastoise,WATER
"Blastoise
Mega Blastoise",WATER
Caterpie,BUG
Metapod,BUG
Butterfree,"BUG
FLYING"
Weedle,"BUG
POISON"
Kakuna,"BUG
POISON"
Beedrill,"BUG
POISON"
"Beedrill
Mega Beedrill","BUG
POISON"
Pidgey,"NORMAL
FLYING"
Pidgeotto,"NORMAL
FLYING"
Pidgeot,"NORMAL
FLYING"
"Pidgeot
Mega Pidgeot","NORMAL
FLYING"
Rattata,NORMAL
"Rattata
Alolan Rattata","DARK
NORMAL"
Raticate,NORMAL
"Raticate
Alolan Raticate","DARK
NORMAL"
Spearow,"NORMAL
FLYING"
Fearow,"NORMAL
FLYING"
Ekans,POISON
Arbok,POISON
Pikachu,ELECTRIC
"Pikachu
Partner Pikachu",ELECTRIC
Raichu,ELECTRIC
"Raichu
Alolan Raichu","ELECTRIC
PSYCHIC"
Sandshrew,GROUND
"Sandshrew
Alolan Sandshrew","ICE
STEEL"
Sandslash,GROUND
"Sandslash
Alolan Sandslash","ICE
STEEL"
Nidoran♀,POISON
Nidorina,POISON
Nidoqueen,"POISON
GROUND"
Nidoran♂,POISON
Nidorino,POISON
Nidoking,"POISON
GROUND"
Clefairy,FAIRY
Clefable,FAIRY
Vulpix,FIRE
"Vulpix
Alolan Vulpix",ICE
Ninetales,FIRE
"Ninetales
Alolan Ninetales","ICE
FAIRY"
Jigglypuff,"NORMAL
FAIRY"
Wigglytuff,"NORMAL
FAIRY"
Zubat,"POISON
FLYING"
Golbat,"POISON
FLYING"
Oddish,"GRASS
POISON"
Gloom,"GRASS
POISON"
Vileplume,"GRASS
POISON"
Paras,"BUG
GRASS"
Parasect,"BUG
GRASS"
Venonat,"BUG
POISON"
Venomoth,"BUG
POISON"
Diglett,GROUND
"Diglett
Alolan Diglett","GROUND
STEEL"
Dugtrio,GROUND
"Dugtrio
Alolan Dugtrio","GROUND
STEEL"
Meowth,NORMAL
"Meowth
Alolan Meowth",DARK
"Meowth
Galarian Meowth",STEEL
Persian,NORMAL
"Persian
Alolan Persian",DARK
Psyduck,WATER
Golduck,WATER
Mankey,FIGHTING
Primeape,FIGHTING
Growlithe,FIRE
"Growlithe
Hisuian Growlithe","FIRE
ROCK"
Arcanine,FIRE
"Arcanine
Hisuian Arcanine","FIRE
ROCK"
Poliwag,WATER
Poliwhirl,WATER
Poliwrath,"WATER
FIGHTING"
Abra,PSYCHIC
Kadabra,PSYCHIC
Alakazam,PSYCHIC
"Alakazam
Mega Alakazam",PSYCHIC
Machop,FIGHTING
Machoke,FIGHTING
Machamp,FIGHTING
Bellsprout,"GRASS
POISON"
Weepinbell,"GRASS
POISON"
Victreebel,"GRASS
POISON"
Tentacool,"WATER
POISON"
Tentacruel,"WATER
POISON"
Geodude,"ROCK
GROUND"
"Geodude
Alolan Geodude","ROCK
ELECTRIC"
Graveler,"ROCK
GROUND"
"Graveler
Alolan Graveler","ROCK
ELECTRIC"
Golem,"ROCK
GROUND"
"Golem
Alolan Golem","ROCK
ELECTRIC"
Ponyta,FIRE
"Ponyta
Galarian Ponyta",PSYCHIC
Rapidash,FIRE
"Rapidash
Galarian Rapidash","PSYCHIC
FAIRY"
Slowpoke,"WATER
PSYCHIC"
"Slowpoke
Galarian Slowpoke",PSYCHIC
Slowbro,"WATER
PSYCHIC"
"Slowbro
Mega Slowbro","WATER
PSYCHIC"
"Slowbro
Galarian Slowbro","POISON
PSYCHIC"
Magnemite,"ELECTRIC
STEEL"
Magneton,"ELECTRIC
STEEL"
Farfetch'd,"NORMAL
FLYING"
"Farfetch'd
Galarian Farfetch'd",FIGHTING
Doduo,"NORMAL
FLYING"
Dodrio,"NORMAL
FLYING"
Seel,WATER
Dewgong,"WATER
ICE"
Grimer,POISON
"Grimer
Alolan Grimer","POISON
DARK"
Muk,POISON
"Muk
Alolan Muk","POISON
DARK"
Shellder,WATER
Cloyster,"WATER
ICE"
Gastly,"GHOST
POISON"
Haunter,"GHOST
POISON"
Gengar,"GHOST
POISON"
"Gengar
Mega Gengar","GHOST
POISON"
Onix,"ROCK
GROUND"
Drowzee,PSYCHIC
Hypno,PSYCHIC
Krabby,WATER
Kingler,WATER
Voltorb,ELECTRIC
"Voltorb
Hisuian Voltorb","ELECTRIC
GRASS"
Electrode,ELECTRIC
"Electrode
Hisuian Electrode","ELECTRIC
GRASS"
Exeggcute,"GRASS
PSYCHIC"
Exeggutor,"GRASS
PSYCHIC"
"Exeggutor
Alolan Exeggutor","GRASS
DRAGON"
Cubone,GROUND
Marowak,GROUND
"Marowak
Alolan Marowak","FIRE
GHOST"
Hitmonlee,FIGHTING
Hitmonchan,FIGHTING
Lickitung,NORMAL
Koffing,POISON
Weezing,POISON
"Weezing
Galarian Weezing","POISON
FAIRY"
Rhyhorn,"GROUND
ROCK"
Rhydon,"GROUND
ROCK"
Chansey,NORMAL
Tangela,GRASS
Kangaskhan,NORMAL
"Kangaskhan
Mega Kangaskhan",NORMAL
Horsea,WATER
Seadra,WATER
Goldeen,WATER
Seaking,WATER
Staryu,WATER
Starmie,"WATER
PSYCHIC"
Mr. Mime,"PSYCHIC
FAIRY"
"Mr. Mime
Galarian Mr. Mime","ICE
PSYCHIC"
Scyther,"BUG
FLYING"
Jynx,"ICE
PSYCHIC"
Electabuzz,ELECTRIC
Magmar,FIRE
Pinsir,BUG
"Pinsir
Mega Pinsir","BUG
FLYING"
Tauros,NORMAL
Magikarp,WATER
Gyarados,"WATER
FLYING"
"Gyarados
Mega Gyarados","WATER
DARK"
Lapras,"WATER
ICE"
Ditto,NORMAL
Eevee,NORMAL
"Eevee
Partner Eevee",NORMAL
Vaporeon,WATER
Jolteon,ELECTRIC
Flareon,FIRE
Porygon,NORMAL
Omanyte,"ROCK
WATER"
Omastar,"ROCK
WATER"
Kabuto,"ROCK
WATER"
Kabutops,"ROCK
WATER"
Aerodactyl,"ROCK
FLYING"
"Aerodactyl
Mega Aerodactyl","ROCK
FLYING"
Snorlax,NORMAL
Articuno,"ICE
FLYING"
"Articuno
Galarian Articuno","PSYCHIC
FLYING"
Zapdos,"ELECTRIC
FLYING"
"Zapdos
Galarian Zapdos","FIGHTING
FLYING"
Moltres,"FIRE
FLYING"
"Moltres
Galarian Moltres","DARK
FLYING"
Dratini,DRAGON
Dragonair,DRAGON
Dragonite,"DRAGON
FLYING"
Mewtwo,PSYCHIC
"Mewtwo
Mega Mewtwo X","PSYCHIC
FIGHTING"
"Mewtwo
Mega Mewtwo Y",PSYCHIC
Mew,PSYCHIC
Chikorita,GRASS
Bayleef,GRASS
Meganium,GRASS
Cyndaquil,FIRE
Quilava,FIRE
Typhlosion,FIRE
"Typhlosion
Hisuian Typhlosion","FIRE
GHOST"
Totodile,WATER
Croconaw,WATER
Feraligatr,WATER
Sentret,NORMAL
Furret,NORMAL
Hoothoot,"NORMAL
FLYING"
Noctowl,"NORMAL
FLYING"
Ledyba,"BUG
FLYING"
Ledian,"BUG
FLYING"
Spinarak,"BUG
POISON"
Ariados,"BUG
POISON"
Crobat,"POISON
FLYING"
Chinchou,"WATER
ELECTRIC"
Lanturn,"WATER
ELECTRIC"
Pichu,ELECTRIC
Cleffa,FAIRY
Igglybuff,"NORMAL
FAIRY"
Togepi,FAIRY
Togetic,"FAIRY
FLYING"
Natu,"PSYCHIC
FLYING"
Xatu,"PSYCHIC
FLYING"
Mareep,ELECTRIC
Flaaffy,ELECTRIC
Ampharos,ELECTRIC
"Ampharos
Mega Ampharos","ELECTRIC
DRAGON"
Bellossom,GRASS
Marill,"WATER
FAIRY"
Azumarill,"WATER
FAIRY"
Sudowoodo,ROCK
Politoed,WATER
Hoppip,"GRASS
FLYING"
Skiploom,"GRASS
FLYING"
Jumpluff,"GRASS
FLYING"
Aipom,NORMAL
Sunkern,GRASS
Sunflora,GRASS
Yanma,"BUG
FLYING"
Wooper,"WATER
GROUND"
Quagsire,"WATER
GROUND"
Espeon,PSYCHIC
Umbreon,DARK
Murkrow,"DARK
FLYING"
Slowking,"WATER
PSYCHIC"
"Slowking
Galarian Slowking","POISON
PSYCHIC"
Misdreavus,GHOST
Unown,PSYCHIC
Wobbuffet,PSYCHIC
Girafarig,"NORMAL
PSYCHIC"
Pineco,BUG
Forretress,"BUG
STEEL"
Dunsparce,NORMAL
Gligar,"GROUND
FLYING"
Steelix,"STEEL
GROUND"
"Steelix
Mega Steelix","STEEL
GROUND"
Snubbull,FAIRY
Granbull,FAIRY
Qwilfish,"WATER
POISON"
"Qwilfish
Hisuian Qwilfish","DARK
POISON"
Scizor,"BUG
STEEL"
"Scizor
Mega Scizor","BUG
STEEL"
Shuckle,"BUG
ROCK"
Heracross,"BUG
FIGHTING"
"Heracross
Mega Heracross","BUG
FIGHTING"
Sneasel,"DARK
ICE"
"Sneasel
Hisuian Sneasel","POISON
FIGHTING"
Teddiursa,NORMAL
Ursaring,NORMAL
Slugma,FIRE
Magcargo,"FIRE
ROCK"
Swinub,"ICE
GROUND"
Piloswine,"ICE
GROUND"
Corsola,"WATER
ROCK"
"Corsola
Galarian Corsola",GHOST
Remoraid,WATER
Octillery,WATER
Delibird,"ICE
FLYING"
Mantine,"WATER
FLYING"
Skarmory,"STEEL
FLYING"
Houndour,"DARK
FIRE"
Houndoom,"DARK
FIRE"
"Houndoom
Mega Houndoom","DARK
FIRE"
Kingdra,"WATER
DRAGON"
Phanpy,GROUND
Donphan,GROUND
Porygon2,NORMAL
Stantler,NORMAL
Smeargle,NORMAL
Tyrogue,FIGHTING
Hitmontop,FIGHTING
Smoochum,"ICE
PSYCHIC"
Elekid,ELECTRIC
Magby,FIRE
Miltank,NORMAL
Blissey,NORMAL
Raikou,ELECTRIC
Entei,FIRE
Suicune,WATER
Larvitar,"ROCK
GROUND"
Pupitar,"ROCK
GROUND"
Tyranitar,"ROCK
DARK"
"Tyranitar
Mega Tyranitar","ROCK
DARK"
Lugia,"PSYCHIC
FLYING"
Ho-oh,"FIRE
FLYING"
Celebi,"PSYCHIC
GRASS"
Treecko,GRASS
Grovyle,GRASS
Sceptile,GRASS
"Sceptile
Mega Sceptile","GRASS
DRAGON"
Torchic,FIRE
Combusken,"FIRE
FIGHTING"
Blaziken,"FIRE
FIGHTING"
"Blaziken
Mega Blaziken","FIRE
FIGHTING"
Mudkip,WATER
Marshtomp,"WATER
GROUND"
Swampert,"WATER
GROUND"
"Swampert
Mega Swampert","WATER
GROUND"
Poochyena,DARK
Mightyena,DARK
Zigzagoon,NORMAL
"Zigzagoon
Galarian Zigzagoon","DARK
NORMAL"
Linoone,NORMAL
"Linoone
Galarian Linoone","DARK
NORMAL"
Wurmple,BUG
Silcoon,BUG
Beautifly,"BUG
FLYING"
Cascoon,BUG
Dustox,"BUG
POISON"
Lotad,"WATER
GRASS"
Lombre,"WATER
GRASS"
Ludicolo,"WATER
GRASS"
Seedot,GRASS
Nuzleaf,"GRASS
DARK"
Shiftry,"GRASS
DARK"
Taillow,"NORMAL
FLYING"
Swellow,"NORMAL
FLYING"
Wingull,"WATER
FLYING"
Pelipper,"WATER
FLYING"
Ralts,"PSYCHIC
FAIRY"
Kirlia,"PSYCHIC
FAIRY"
Gardevoir,"PSYCHIC
FAIRY"
"Gardevoir
Mega Gardevoir","PSYCHIC
FAIRY"
Surskit,"BUG
WATER"
Masquerain,"BUG
FLYING"
Shroomish,GRASS
Breloom,"GRASS
FIGHTING"
Slakoth,NORMAL
Vigoroth,NORMAL
Slaking,NORMAL
Nincada,"BUG
GROUND"
Ninjask,"BUG
FLYING"
Shedinja,"BUG
GHOST"
Whismur,NORMAL
Loudred,NORMAL
Exploud,NORMAL
Makuhita,FIGHTING
Hariyama,FIGHTING
Azurill,"NORMAL
FAIRY"
Nosepass,ROCK
Skitty,NORMAL
Delcatty,NORMAL
Sableye,"DARK
GHOST"
"Sableye
Mega Sableye","DARK
GHOST"
Mawile,"STEEL
FAIRY"
"Mawile
Mega Mawile","STEEL
FAIRY"
Aron,"STEEL
ROCK"
Lairon,"STEEL
ROCK"
Aggron,"STEEL
ROCK"
"Aggron
Mega Aggron",STEEL
Meditite,"FIGHTING
PSYCHIC"
Medicham,"FIGHTING
PSYCHIC"
"Medicham
Mega Medicham","FIGHTING
PSYCHIC"
Electrike,ELECTRIC
Manectric,ELECTRIC
"Manectric
Mega Manectric",ELECTRIC
Plusle,ELECTRIC
Minun,ELECTRIC
Volbeat,BUG
Illumise,BUG
Roselia,"GRASS
POISON"
Gulpin,POISON
Swalot,POISON
Carvanha,"WATER
DARK"
Sharpedo,"WATER
DARK"
"Sharpedo
Mega Sharpedo","WATER
DARK"
Wailmer,WATER
Wailord,WATER
Numel,"FIRE
GROUND"
Camerupt,"FIRE
GROUND"
"Camerupt
Mega Camerupt","FIRE
GROUND"
Torkoal,FIRE
Spoink,PSYCHIC
Grumpig,PSYCHIC
Spinda,NORMAL
Trapinch,GROUND
Vibrava,"GROUND
DRAGON"
Flygon,"GROUND
DRAGON"
Cacnea,GRASS
Cacturne,"GRASS
DARK"
Swablu,"NORMAL
FLYING"
Altaria,"DRAGON
FLYING"
"Altaria
Mega Altaria","DRAGON
FAIRY"
Zangoose,NORMAL
Seviper,POISON
Lunatone,"ROCK
PSYCHIC"
Solrock,"ROCK
PSYCHIC"
Barboach,"WATER
GROUND"
Whiscash,"WATER
GROUND"
Corphish,WATER
Crawdaunt,"WATER
DARK"
Baltoy,"GROUND
PSYCHIC"
Claydol,"GROUND
PSYCHIC"
Lileep,"ROCK
GRASS"
Cradily,"ROCK
GRASS"
Anorith,"ROCK
BUG"
Armaldo,"ROCK
BUG"
Feebas,WATER
Milotic,WATER
Castform,NORMAL
"Castform
Sunny Form",FIRE
"Castform
Rainy Form",WATER
"Castform
Snowy Form",ICE
Kecleon,NORMAL
Shuppet,GHOST
Banette,GHOST
"Banette
Mega Banette",GHOST
Duskull,GHOST
Dusclops,GHOST
Tropius,"GRASS
FLYING"
Chimecho,PSYCHIC
Absol,DARK
"Absol
Mega Absol",DARK
Wynaut,PSYCHIC
Snorunt,ICE
Glalie,ICE
"Glalie
Mega Glalie",ICE
Spheal,"ICE
WATER"
Sealeo,"ICE
WATER"
Walrein,"ICE
WATER"
Clamperl,WATER
Huntail,WATER
Gorebyss,WATER
Relicanth,"WATER
ROCK"
Luvdisc,WATER
Bagon,DRAGON
Shelgon,DRAGON
Salamence,"DRAGON
FLYING"
"Salamence
Mega Salamence","DRAGON
FLYING"
Beldum,"STEEL
PSYCHIC"
Metang,"STEEL
PSYCHIC"
Metagross,"STEEL
PSYCHIC"
"Metagross
Mega Metagross","STEEL
PSYCHIC"
Regirock,ROCK
Regice,ICE
Registeel,STEEL
Latias,"DRAGON
PSYCHIC"
"Latias
Mega Latias","DRAGON
PSYCHIC"
Latios,"DRAGON
PSYCHIC"
"Latios
Mega Latios","DRAGON
PSYCHIC"
Kyogre,WATER
"Kyogre
Primal Kyogre",WATER
Groudon,GROUND
"Groudon
Primal Groudon","GROUND
FIRE"
Rayquaza,"DRAGON
FLYING"
"Rayquaza
Mega Rayquaza","DRAGON
FLYING"
Jirachi,"STEEL
PSYCHIC"
"Deoxys
Normal Forme",PSYCHIC
"Deoxys
Attack Forme",PSYCHIC
"Deoxys
Defense Forme",PSYCHIC
"Deoxys
Speed Forme",PSYCHIC
Turtwig,GRASS
Grotle,GRASS
Torterra,"GRASS
GROUND"
Chimchar,FIRE
Monferno,"FIRE
FIGHTING"
Infernape,"FIRE
FIGHTING"
Piplup,WATER
Prinplup,WATER
Empoleon,"WATER
STEEL"
Starly,"NORMAL
FLYING"
Staravia,"NORMAL
FLYING"
Staraptor,"NORMAL
FLYING"
Bidoof,NORMAL
Bibarel,"NORMAL
WATER"
Kricketot,BUG
Kricketune,BUG
Shinx,ELECTRIC
Luxio,ELECTRIC
Luxray,ELECTRIC
Budew,"GRASS
POISON"
Roserade,"GRASS
POISON"
Cranidos,ROCK
Rampardos,ROCK
Shieldon,"ROCK
STEEL"
Bastiodon,"ROCK
STEEL"
"Burmy
Plant Cloak",BUG
"Burmy
Sandy Cloak",BUG
"Burmy
Trash Cloak",BUG
"Wormadam
Plant Cloak","BUG
GRASS"
"Wormadam
Sandy Cloak","BUG
GROUND"
"Wormadam
Trash Cloak","BUG
STEEL"
Mothim,"BUG
FLYING"
Combee,"BUG
FLYING"
Vespiquen,"BUG
FLYING"
Pachirisu,ELECTRIC
Buizel,WATER
Floatzel,WATER
Cherubi,GRASS
Cherrim,GRASS
Shellos,WATER
Gastrodon,"WATER
GROUND"
Ambipom,NORMAL
Drifloon,"GHOST
FLYING"
Drifblim,"GHOST
FLYING"
Buneary,NORMAL
Lopunny,NORMAL
"Lopunny
Mega Lopunny","NORMAL
FIGHTING"
Mismagius,GHOST
Honchkrow,"DARK
FLYING"
Glameow,NORMAL
Purugly,NORMAL
Chingling,PSYCHIC
Stunky,"POISON
DARK"
Skuntank,"POISON
DARK"
Bronzor,"STEEL
PSYCHIC"
Bronzong,"STEEL
PSYCHIC"
Bonsly,ROCK
Mime Jr.,"PSYCHIC
FAIRY"
Happiny,NORMAL
Chatot,"NORMAL
FLYING"
Spiritomb,"GHOST
DARK"
Gible,"DRAGON
GROUND"
Gabite,"DRAGON
GROUND"
Garchomp,"DRAGON
GROUND"
"Garchomp
Mega Garchomp","DRAGON
GROUND"
Munchlax,NORMAL
Riolu,FIGHTING
Lucario,"FIGHTING
STEEL"
"Lucario
Mega Lucario","FIGHTING
STEEL"
Hippopotas,GROUND
Hippowdon,GROUND
Skorupi,"POISON
BUG"
Drapion,"POISON
DARK"
Croagunk,"POISON
FIGHTING"
Toxicroak,"POISON
FIGHTING"
Carnivine,GRASS
Finneon,WATER
Lumineon,WATER
Mantyke,"WATER
FLYING"
Snover,"GRASS
ICE"
Abomasnow,"GRASS
ICE"
"Abomasnow
Mega Abomasnow","GRASS
ICE"
Weavile,"DARK
ICE"
Magnezone,"ELECTRIC
STEEL"
Lickilicky,NORMAL
Rhyperior,"GROUND
ROCK"
Tangrowth,GRASS
Electivire,ELECTRIC
Magmortar,FIRE
Togekiss,"FAIRY
FLYING"
Yanmega,"BUG
FLYING"
Leafeon,GRASS
Glaceon,ICE
Gliscor,"GROUND
FLYING"
Mamoswine,"ICE
GROUND"
Porygon-Z,NORMAL
Gallade,"PSYCHIC
FIGHTING"
"Gallade
Mega Gallade","PSYCHIC
FIGHTING"
Probopass,"ROCK
STEEL"
Dusknoir,GHOST
Froslass,"ICE
GHOST"
Rotom,"ELECTRIC
GHOST"
"Rotom
Heat Rotom","ELECTRIC
FIRE"
"Rotom
Wash Rotom","ELECTRIC
WATER"
"Rotom
Frost Rotom","ELECTRIC
ICE"
"Rotom
Fan Rotom","ELECTRIC
FLYING"
"Rotom
Mow Rotom","ELECTRIC
GRASS"
Uxie,PSYCHIC
Mesprit,PSYCHIC
Azelf,PSYCHIC
Dialga,"STEEL
DRAGON"
"Dialga
Origin Forme","STEEL
DRAGON"
Palkia,"WATER
DRAGON"
"Palkia
Origin Forme","WATER
DRAGON"
Heatran,"FIRE
STEEL"
Regigigas,NORMAL
"Giratina
Altered Forme","GHOST
DRAGON"
"Giratina
Origin Forme","GHOST
DRAGON"
Cresselia,PSYCHIC
Phione,WATER
Manaphy,WATER
Darkrai,DARK
"Shaymin
Land Forme",GRASS
"Shaymin
Sky Forme","GRASS
FLYING"
Arceus,NORMAL
Victini,"PSYCHIC
FIRE"
Snivy,GRASS
Servine,GRASS
Serperior,GRASS
Tepig,FIRE
Pignite,"FIRE
FIGHTING"
Emboar,"FIRE
FIGHTING"
Oshawott,WATER
Dewott,WATER
Samurott,WATER
"Samurott
Hisuian Samurott","WATER
DARK"
Patrat,NORMAL
Watchog,NORMAL
Lillipup,NORMAL
Herdier,NORMAL
Stoutland,NORMAL
Purrloin,DARK
Liepard,DARK
Pansage,GRASS
Simisage,GRASS
Pansear,FIRE
Simisear,FIRE
Panpour,WATER
Simipour,WATER
Munna,PSYCHIC
Musharna,PSYCHIC
Pidove,"NORMAL
FLYING"
Tranquill,"NORMAL
FLYING"
Unfezant,"NORMAL
FLYING"
Blitzle,ELECTRIC
Zebstrika,ELECTRIC
Roggenrola,ROCK
Boldore,ROCK
Gigalith,ROCK
Woobat,"PSYCHIC
FLYING"
Swoobat,"PSYCHIC
FLYING"
Drilbur,GROUND
Excadrill,"GROUND
STEEL"
Audino,NORMAL
"Audino
Mega Audino","NORMAL
FAIRY"
Timburr,FIGHTING
Gurdurr,FIGHTING
Conkeldurr,FIGHTING
Tympole,WATER
Palpitoad,"WATER
GROUND"
Seismitoad,"WATER
GROUND"
Throh,FIGHTING
Sawk,FIGHTING
Sewaddle,"BUG
GRASS"
Swadloon,"BUG
GRASS"
Leavanny,"BUG
GRASS"
Venipede,"BUG
POISON"
Whirlipede,"BUG
POISON"
Scolipede,"BUG
POISON"
Cottonee,"GRASS
FAIRY"
Whimsicott,"GRASS
FAIRY"
Petilil,GRASS
Lilligant,GRASS
"Lilligant
Hisuian Lilligant","GRASS
FIGHTING"
"Basculin
Red-Striped Form",WATER
"Basculin
Blue-Striped Form",WATER
"Basculin
White-Striped Form",WATER
Sandile,"GROUND
DARK"
Krokorok,"GROUND
DARK"
Krookodile,"GROUND
DARK"
Darumaka,FIRE
"Darumaka
Galarian Darumaka",ICE
"Darmanitan
Standard Mode",FIRE
"Darmanitan
Zen Mode","FIRE
PSYCHIC"
"Darmanitan
Galarian Standard Mode",ICE
"Darmanitan
Galarian Zen Mode","ICE
FIRE"
Maractus,GRASS
Dwebble,"BUG
ROCK"
Crustle,"BUG
ROCK"
Scraggy,"DARK
FIGHTING"
Scrafty,"DARK
FIGHTING"
Sigilyph,"PSYCHIC
FLYING"
Yamask,GHOST
"Yamask
Galarian Yamask","GROUND
GHOST"
Cofagrigus,GHOST
Tirtouga,"WATER
ROCK"
Carracosta,"WATER
ROCK"
Archen,"ROCK
FLYING"
Archeops,"ROCK
FLYING"
Trubbish,POISON
Garbodor,POISON
Zorua,DARK
"Zorua
Hisuian Zorua","NORMAL
GHOST"
Zoroark,DARK
"Zoroark
Hisuian Zoroark","NORMAL
GHOST"
Minccino,NORMAL
Cinccino,NORMAL
Gothita,PSYCHIC
Gothorita,PSYCHIC
Gothitelle,PSYCHIC
Solosis,PSYCHIC
Duosion,PSYCHIC
Reuniclus,PSYCHIC
Ducklett,"WATER
FLYING"
Swanna,"WATER
FLYING"
Vanillite,ICE
Vanillish,ICE
Vanilluxe,ICE
Deerling,"NORMAL
GRASS"
Sawsbuck,"NORMAL
GRASS"
Emolga,"ELECTRIC
FLYING"
Karrablast,BUG
Escavalier,"BUG
STEEL"
Foongus,"GRASS
POISON"
Amoonguss,"GRASS
POISON"
Frillish,"WATER
GHOST"
Jellicent,"WATER
GHOST"
Alomomola,WATER
Joltik,"BUG
ELECTRIC"
Galvantula,"BUG
ELECTRIC"
Ferroseed,"GRASS
STEEL"
Ferrothorn,"GRASS
STEEL"
Klink,STEEL
Klang,STEEL
Klinklang,STEEL
Tynamo,ELECTRIC
Eelektrik,ELECTRIC
Eelektross,ELECTRIC
Elgyem,PSYCHIC
Beheeyem,PSYCHIC
Litwick,"GHOST
FIRE"
Lampent,"GHOST
FIRE"
Chandelure,"GHOST
FIRE"
Axew,DRAGON
Fraxure,DRAGON
Haxorus,DRAGON
Cubchoo,ICE
Beartic,ICE
Cryogonal,ICE
Shelmet,BUG
Accelgor,BUG
Stunfisk,"GROUND
ELECTRIC"
"Stunfisk
Galarian Stunfisk","GROUND
STEEL"
Mienfoo,FIGHTING
Mienshao,FIGHTING
Druddigon,DRAGON
Golett,"GROUND
GHOST"
Golurk,"GROUND
GHOST"
Pawniard,"DARK
STEEL"
Bisharp,"DARK
STEEL"
Bouffalant,NORMAL
Rufflet,"NORMAL
FLYING"
Braviary,"NORMAL
FLYING"
"Braviary
Hisuian Braviary","PSYCHIC
FLYING"
Vullaby,"DARK
FLYING"
Mandibuzz,"DARK
FLYING"
Heatmor,FIRE
Durant,"BUG
STEEL"
Deino,"DARK
DRAGON"
Zweilous,"DARK
DRAGON"
Hydreigon,"DARK
DRAGON"
Larvesta,"BUG
FIRE"
Volcarona,"BUG
FIRE"
Cobalion,"STEEL
FIGHTING"
Terrakion,"ROCK
FIGHTING"
Virizion,"GRASS
FIGHTING"
"Tornadus
Incarnate Forme",FLYING
"Tornadus
Therian Forme",FLYING
"Thundurus
Incarnate Forme","ELECTRIC
FLYING"
"Thundurus
Therian Forme","ELECTRIC
FLYING"
Reshiram,"DRAGON
FIRE"
Zekrom,"DRAGON
ELECTRIC"
"Landorus
Incarnate Forme","GROUND
FLYING"
"Landorus
Therian Forme","GROUND
FLYING"
Kyurem,"DRAGON
ICE"
"Kyurem
White Kyurem","DRAGON
ICE"
"Kyurem
Black Kyurem","DRAGON
ICE"
"Keldeo
Ordinary Form","WATER
FIGHTING"
"Keldeo
Resolute Form","WATER
FIGHTING"
"Meloetta
Aria Forme","NORMAL
PSYCHIC"
"Meloetta
Pirouette Forme","NORMAL
FIGHTING"
Genesect,"BUG
STEEL"
Chespin,GRASS
Quilladin,GRASS
Chesnaught,"GRASS
FIGHTING"
Fennekin,FIRE
Braixen,FIRE
Delphox,"FIRE
PSYCHIC"
Froakie,WATER
Frogadier,WATER
Greninja,"WATER
DARK"
"Greninja
Ash-Greninja","WATER
DARK"
Bunnelby,NORMAL
Diggersby,"NORMAL
GROUND"
Fletchling,"NORMAL
FLYING"
Fletchinder,"FIRE
FLYING"
Talonflame,"FIRE
FLYING"
Scatterbug,BUG
Spewpa,BUG
Vivillon,"BUG
FLYING"
Litleo,"FIRE
NORMAL"
Pyroar,"FIRE
NORMAL"
Flabébé,FAIRY
Floette,FAIRY
Florges,FAIRY
Skiddo,GRASS
Gogoat,GRASS
Pancham,FIGHTING
Pangoro,"FIGHTING
DARK"
Furfrou,NORMAL
Espurr,PSYCHIC
"Meowstic
Male",PSYCHIC
"Meowstic
Female",PSYCHIC
Honedge,"STEEL
GHOST"
Doublade,"STEEL
GHOST"
"Aegislash
Shield Forme","STEEL
GHOST"
"Aegislash
Blade Forme","STEEL
GHOST"
Spritzee,FAIRY
Aromatisse,FAIRY
Swirlix,FAIRY
Slurpuff,FAIRY
Inkay,"DARK
PSYCHIC"
Malamar,"DARK
PSYCHIC"
Binacle,"ROCK
WATER"
Barbaracle,"ROCK
WATER"
Skrelp,"POISON
WATER"
Dragalge,"POISON
DRAGON"
Clauncher,WATER
Clawitzer,WATER
Helioptile,"ELECTRIC
NORMAL"
Heliolisk,"ELECTRIC
NORMAL"
Tyrunt,"ROCK
DRAGON"
Tyrantrum,"ROCK
DRAGON"
Amaura,"ROCK
ICE"
Aurorus,"ROCK
ICE"
Sylveon,FAIRY
Hawlucha,"FIGHTING
FLYING"
Dedenne,"ELECTRIC
FAIRY"
Carbink,"ROCK
FAIRY"
Goomy,DRAGON
Sliggoo,DRAGON
"Sliggoo
Hisuian Sliggoo","STEEL
DRAGON"
Goodra,DRAGON
"Goodra
Hisuian Goodra","STEEL
DRAGON"
Klefki,"STEEL
FAIRY"
Phantump,"GHOST
GRASS"
Trevenant,"GHOST
GRASS"
"Pumpkaboo
Average Size","GHOST
GRASS"
"Pumpkaboo
Small Size","GHOST
GRASS"
"Pumpkaboo
Large Size","GHOST
GRASS"
"Pumpkaboo
Super Size","GHOST
GRASS"
"Gourgeist
Average Size","GHOST
GRASS"
"Gourgeist
Small Size","GHOST
GRASS"
"Gourgeist
Large Size","GHOST
GRASS"
"Gourgeist
Super Size","GHOST
GRASS"
Bergmite,ICE
Avalugg,ICE
"Avalugg
Hisuian Avalugg","ICE
ROCK"
Noibat,"FLYING
DRAGON"
Noivern,"FLYING
DRAGON"
Xerneas,FAIRY
Yveltal,"DARK
FLYING"
"Zygarde
50% Forme","DRAGON
GROUND"
"Zygarde
10% Forme","DRAGON
GROUND"
"Zygarde
Complete Forme","DRAGON
GROUND"
Diancie,"ROCK
FAIRY"
"Diancie
Mega Diancie","ROCK
FAIRY"
"Hoopa
Hoopa Confined","PSYCHIC
GHOST"
"Hoopa
Hoopa Unbound","PSYCHIC
DARK"
Volcanion,"FIRE
WATER"
Rowlet,"GRASS
FLYING"
Dartrix,"GRASS
FLYING"
Decidueye,"GRASS
GHOST"
"Decidueye
Hisuian Decidueye","GRASS
FIGHTING"
Litten,FIRE
Torracat,FIRE
Incineroar,"FIRE
DARK"
Popplio,WATER
Brionne,WATER
Primarina,"WATER
FAIRY"
Pikipek,"NORMAL
FLYING"
Trumbeak,"NORMAL
FLYING"
Toucannon,"NORMAL
FLYING"
Yungoos,NORMAL
Gumshoos,NORMAL
Grubbin,BUG
Charjabug,"BUG
ELECTRIC"
Vikavolt,"BUG
ELECTRIC"
Crabrawler,FIGHTING
Crabominable,"FIGHTING
ICE"
"Oricorio
Baile Style","FIRE
FLYING"
"Oricorio
Pom-Pom Style","ELECTRIC
FLYING"
"Oricorio
Pa'u Style","PSYCHIC
FLYING"
"Oricorio
Sensu Style","GHOST
FLYING"
Cutiefly,"BUG
FAIRY"
Ribombee,"BUG
FAIRY"
Rockruff,ROCK
"Rockruff
Own Tempo Rockruff",ROCK
"Lycanroc
Midday Form",ROCK
"Lycanroc
Midnight Form",ROCK
"Lycanroc
Dusk Form",ROCK
"Wishiwashi
Solo Form",WATER
"Wishiwashi
School Form",WATER
Mareanie,"POISON
WATER"
Toxapex,"POISON
WATER"
Mudbray,GROUND
Mudsdale,GROUND
Dewpider,"WATER
BUG"
Araquanid,"WATER
BUG"
Fomantis,GRASS
Lurantis,GRASS
Morelull,"GRASS
FAIRY"
Shiinotic,"GRASS
FAIRY"
Salandit,"POISON
FIRE"
Salazzle,"POISON
FIRE"
Stufful,"NORMAL
FIGHTING"
Bewear,"NORMAL
FIGHTING"
Bounsweet,GRASS
Steenee,GRASS
Tsareena,GRASS
Comfey,FAIRY
Oranguru,"NORMAL
PSYCHIC"
Passimian,FIGHTING
Wimpod,"BUG
WATER"
Golisopod,"BUG
WATER"
Sandygast,"GHOST
GROUND"
Palossand,"GHOST
GROUND"
Pyukumuku,WATER
Type: Null,NORMAL
Silvally,NORMAL
"Minior
Meteor Form","ROCK
FLYING"
"Minior
Core Form","ROCK
FLYING"
Komala,NORMAL
Turtonator,"FIRE
DRAGON"
Togedemaru,"ELECTRIC
STEEL"
Mimikyu,"GHOST
FAIRY"
Bruxish,"WATER
PSYCHIC"
Drampa,"NORMAL
DRAGON"
Dhelmise,"GHOST
GRASS"
Jangmo-o,DRAGON
Hakamo-o,"DRAGON
FIGHTING"
Kommo-o,"DRAGON
FIGHTING"
Tapu Koko,"ELECTRIC
FAIRY"
Tapu Lele,"PSYCHIC
FAIRY"
Tapu Bulu,"GRASS
FAIRY"
Tapu Fini,"WATER
FAIRY"
Cosmog,PSYCHIC
Cosmoem,PSYCHIC
Solgaleo,"PSYCHIC
STEEL"
Lunala,"PSYCHIC
GHOST"
Nihilego,"ROCK
POISON"
Buzzwole,"BUG
FIGHTING"
Pheromosa,"BUG
FIGHTING"
Xurkitree,ELECTRIC
Celesteela,"STEEL
FLYING"
Kartana,"GRASS
STEEL"
Guzzlord,"DARK
DRAGON"
Necrozma,PSYCHIC
"Necrozma
Dusk Mane Necrozma","PSYCHIC
STEEL"
"Necrozma
Dawn Wings Necrozma","PSYCHIC
GHOST"
"Necrozma
Ultra Necrozma","PSYCHIC
DRAGON"
Magearna,"STEEL
FAIRY"
Marshadow,"FIGHTING
GHOST"
Poipole,POISON
Naganadel,"POISON
DRAGON"
Stakataka,"ROCK
STEEL"
Blacephalon,"FIRE
GHOST"
Zeraora,ELECTRIC
Meltan,STEEL
Melmetal,STEEL
Grookey,GRASS
Thwackey,GRASS
Rillaboom,GRASS
Scorbunny,FIRE
Raboot,FIRE
Cinderace,FIRE
Sobble,WATER
Drizzile,WATER
Inteleon,WATER
Skwovet,NORMAL
Greedent,NORMAL
Rookidee,FLYING
Corvisquire,FLYING
Corviknight,"FLYING
STEEL"
Blipbug,BUG
Dottler,"BUG
PSYCHIC"
Orbeetle,"BUG
PSYCHIC"
Nickit,DARK
Thievul,DARK
Gossifleur,GRASS
Eldegoss,GRASS
Wooloo,NORMAL
Dubwool,NORMAL
Chewtle,WATER
Drednaw,"WATER
ROCK"
Yamper,ELECTRIC
Boltund,ELECTRIC
Rolycoly,ROCK
Carkol,"ROCK
FIRE"
Coalossal,"ROCK
FIRE"
Applin,"GRASS
DRAGON"
Flapple,"GRASS
DRAGON"
Appletun,"GRASS
DRAGON"
Silicobra,GROUND
Sandaconda,GROUND
Cramorant,"FLYING
WATER"
Arrokuda,WATER
Barraskewda,WATER
Toxel,"ELECTRIC
POISON"
"Toxtricity
Amped Form","ELECTRIC
POISON"
"Toxtricity
Low Key Form","ELECTRIC
POISON"
Sizzlipede,"FIRE
BUG"
Centiskorch,"FIRE
BUG"
Clobbopus,FIGHTING
Grapploct,FIGHTING
Sinistea,GHOST
Polteageist,GHOST
Hatenna,PSYCHIC
Hattrem,PSYCHIC
Hatterene,"PSYCHIC
FAIRY"
Impidimp,"DARK
FAIRY"
Morgrem,"DARK
FAIRY"
Grimmsnarl,"DARK
FAIRY"
Obstagoon,"DARK
NORMAL"
Perrserker,STEEL
Cursola,GHOST
Sirfetch'd,FIGHTING
Mr. Rime,"ICE
PSYCHIC"
Runerigus,"GROUND
GHOST"
Milcery,FAIRY
Alcremie,FAIRY
Falinks,FIGHTING
Pincurchin,ELECTRIC
Snom,"ICE
BUG"
Frosmoth,"ICE
BUG"
Stonjourner,ROCK
"Eiscue
Ice Face",ICE
"Eiscue
Noice Face",ICE
"Indeedee
Male","PSYCHIC
NORMAL"
"Indeedee
Female","PSYCHIC
NORMAL"
"Morpeko
Full Belly Mode","ELECTRIC
DARK"
"Morpeko
Hangry Mode","ELECTRIC
DARK"
Cufant,STEEL
Copperajah,STEEL
Dracozolt,"ELECTRIC
DRAGON"
Arctozolt,"ELECTRIC
ICE"
Dracovish,"WATER
DRAGON"
Arctovish,"WATER
ICE"
Duraludon,"STEEL
DRAGON"
Dreepy,"DRAGON
GHOST"
Drakloak,"DRAGON
GHOST"
Dragapult,"DRAGON
GHOST"
"Zacian
Hero of Many Battles",FAIRY
"Zacian
Crowned Sword","FAIRY
STEEL"
"Zamazenta
Hero of Many Battles",FIGHTING
"Zamazenta
Crowned Shield","FIGHTING
STEEL"
Eternatus,"POISON
DRAGON"
"Eternatus
Eternamax","POISON
DRAGON"
Kubfu,FIGHTING
"Urshifu
Single Strike Style","FIGHTING
DARK"
"Urshifu
Rapid Strike Style","FIGHTING
WATER"
Zarude,"DARK
GRASS"
Regieleki,ELECTRIC
Regidrago,DRAGON
Glastrier,ICE
Spectrier,GHOST
Calyrex,"PSYCHIC
GRASS"
"Calyrex
Ice Rider","PSYCHIC
ICE"
"Calyrex
Shadow Rider","PSYCHIC
GHOST"
Wyrdeer,"NORMAL
PSYCHIC"
Kleavor,"BUG
ROCK"
Ursaluna,"GROUND
NORMAL"
"Basculegion
Male","WATER
GHOST"
"Basculegion
Female","WATER
GHOST"
Sneasler,"POISON
FIGHTING"
Overqwil,"DARK
POISON"
"Enamorus
Incarnate Forme","FAIRY
FLYING"
"Enamorus
Therian Forme","FAIRY
FLYING"
